Shivajinagara Bus Station,Banashankari TTMC
Kempegowda Bus Station,Marenahalli Bus Station
Kempegowda Bus Station,BTM Layout
Kempegowda Bus Station,AGS Layout
Kempegowda Bus Station,Vijayanagara TTMC
Shivajinagara Bus Station,BCC Layout
Malleshwaram Bus Stand,Hampinagara
Kempegowda Bus Station,Yeshawanthapura Railway Station
Shivajinagara Bus Station,Yeshawanthapura TTMC
Shivajinagara Bus Station,Yeshawanthapura Railway Station
Kempegowda Bus Station,Kempegowda Bus Station
Kempegowda Bus Station,Kempegowda Bus Station
Kempegowda Bus Station,Shankarnagh Bus Stand
KR Market,Kaval Byrasandra
Kempegowda Bus Station,Kaval Byrasandra
Shivajinagara Bus Station,Sultanpalya
Kempegowda Bus Station,Jeevan Bheemanagara
Kempegowda Bus Station,Koramangala 1st Block
Hampinagara,Kaval Byrasandra
Shivajinagara Bus Station,Chandra Layout
S V Metro Station,Central Silk Board
Banashankari TTMC,Jeevan Bheemanagara
Kempegowda Bus Station,Uttarahalli
Kempegowda Bus Station,Jambu Savari Dinne
Kempegowda Bus Station,Anjanapura
Kempegowda Bus Station,BEML Layout 5th Stage
KR Market,Bidadi
Kempegowda Bus Station,Bidadi
Kempegowda Bus Station,Hullala Sattelite Town
Kempegowda Bus Station,Bengaluru University Administrative Block
KR Market,Tavarakere
Kempegowda Bus Station,Tavarakere
KR Market,Jalahalli Cross
Kempegowda Bus Station,Chikkabanavara
Kempegowda Bus Station,Peenya 2nd Stage
KR Market,Hesaraghatta I D Farm
Kempegowda Bus Station,Hesarughatta
KR Market,Nelamangala
Kempegowda Bus Station,Nelamangala
KR Market,Hesaraghatta I D Farm
Kempegowda Bus Station,Jalahalli Cross
Kempegowda Bus Station,Vidyaranyapura
Vidyaranyapura,Shanthinagara
Kempegowda Bus Station,Yelahanka
Kempegowda Bus Station,Doddaballapura
Shanthinagara,Doddaballapura
Kempegowda Bus Station,Ramakrishna Hegde Nagara
KR Market,Razakpalya
Kempegowda Bus Station,Bagaluru
Shivajinagara Bus Station,Kannuru
Kempegowda Bus Station,Devanahalli
Kempegowda Bus Station,Devanahalli Govt Hospital
Kempegowda Bus Station,KR Puram
Kempegowda Bus Station,Kalyananagara
Kempegowda Bus Station,Channasandra
Kempegowda Bus Station,Rameshnagara
Kempegowda Bus Station,Budigere
KR Market,Hosakote
Shivajinagara Bus Station,Hosakote
KR Market,Tharabanahalli
Kempegowda Bus Station,Kadugodi
Kempegowda Bus Station,Sarjapura
Kempegowda Bus Station,Anekal
Kempegowda Bus Station,Attibele
Kempegowda Bus Station,Jigani APC Circle
Kengeri TTMC,Banashankari TTMC
Yelahanka,Peenya 2nd Stage
Yelahanka,Kengeri TTMC
Yeshawanthapura TTMC,Kengeri TTMC
Kempegowda Bus Station,Yelahanka New Town 5th Phase
Bommanahalli,Jalahalli Cross
Banashankari TTMC,Yeshawanthapura TTMC
Banashankari TTMC,Hebbala
Hebbala,Central Silk Board
Hebbala,Banashankari TTMC
Banashankari TTMC,Hebbala
Kengeri TTMC,Dwarakanagara
Banashankari TTMC,Attibele
Shanthinagara TTMC,Shirke
Kempegowda Bus Station,Harohalli
Srinagara,Yeshawanthapura Railway Station
Kempegowda Bus Station,Apollo Hospital Bannerughatta Road
Kempegowda Bus Station,Supra Hospital
Kempegowda Bus Station,Rajarajeshwari Hospital
Kempegowda Bus Station,Devanahalli General Hospital
Kempegowda Bus Station,Ambedkar Medical College
Kempegowda Bus Station,Hosakote General Hospital
ESI Indiranagara Hospital,Hosakote General Hospital
Kempegowda Bus Station,Vaidehi Hospital
Kempegowda Bus Station,Nelamanagala General Hospital
Kempegowda Bus Station,Sapthagiri Medical College
Kempegowda Bus Station,Sakra Hospital
Banashankari,Banashankari TTMC
Shanthinagara TTMC,Srinagara
Kempegowda Bus Station,Kempegowda International Airport